CD,Rumours,23.99,1977,CLASSICAL
Vinyl,Abbey Road,27.99,1969,CLASSICAL
Vinyl,The Wall,29.99,1979,CLASSICAL
Vinyl,Baby Shark,10.99,2021,CLASSICAL
Vinyl,Dark Side of the Moon,25.99,1973,CLASSICAL
CD,Thriller,19.99,1982,CLASSICAL
Vinyl,Hotel California,24.99,1976,CLASSICAL
Vinyl,My Favorite Things,23.49,1961,CLASSICAL
Vinyl,Dark Side of the Moon,26.99,1973,CLASSICAL
Tape,Blue Train,14.49,1957,CLASSICAL
CD,The Chronic,24.99,1992,CLASSICAL
Vinyl,Born to Run,28.99,1975,CLASSICAL
CD,Back in Black,18.99,1980,CLASSICAL
CD,The Blueprint,20.99,2001,CLASSICAL
Vinyl,Giant Steps,26.99,1960,CLASSICAL
CD,Kind of Blue,15.99,1959,CLASSICAL
CD,Moanin',17.99,1958,CLASSICAL
CD,Sgt. Pepper's Lonely Hearts Club Band,21.99,1967,CLASSICAL
CD,Random Access Memories,25.99,2013,CLASSICAL
Vinyl,Barney's Greatest Hits,8.99,1993,CLASSICAL
CD,Purple Rain,24.99,1984,CLASSICAL
Vinyl,Illmatic,29.99,1994,CLASSICAL
Vinyl,Back in Black,30.99,1980,CLASSICAL
Vinyl,Strauss: Also Sprach Zarathustra,27.49,1896,CLASSICAL
CD,Pok√©mon: 2.B.A. Master,16.99,1999,CLASSICAL
Vinyl,Debussy: Clair de Lune,26.99,1905,CLASSICAL
Tape,Thriller,15.99,1982,CLASSICAL
Vinyl,Kind of Blue,27.99,1959,CLASSICAL
Vinyl,Aphex Twin: Selected Ambient Works 85-92,31.99,1992,CLASSICAL
Vinyl,Born to Run,28.99,1975,CLASSICAL
CD,Mozart: Requiem,18.99,1791,CLASSICAL
Vinyl,Blue Train,24.99,1957,CLASSICAL
CD,Beethoven: Symphony No. 9,19.99,1824,CLASSICAL
CD,Tchaikovsky: Swan Lake,18.99,1877,CLASSICAL
Tape,Born in the U.S.A.,12.99,1984,CLASSICAL
Vinyl,Dark Side of the Moon,26.99,1973,CLASSICAL
Vinyl,Tchaikovsky: The Nutcracker,22.99,1892,CLASSICAL
CD,Miseducation of Lauryn Hill,21.99,1998,CLASSICAL
Vinyl,Rumours,24.99,1977,CLASSICAL
CD,Strauss: Also Sprach Zarathustra,29.99,1896,CLASSICAL
Vinyl,Hotel California,27.99,1976,CLASSICAL
Vinyl,Strauss: Also Sprach Zarathustra,26.99,1896,CLASSICAL
CD,Chemical Brothers: Surrender,17.99,1999,CLASSICAL
Vinyl,Baby Shark,10.99,2021,CLASSICAL